論文タイトル	著者名	著者名のよみ	刊行物名	巻	号（通号）	開始ページ	終了ページ	出版年月日	種別	分類	分類2	URL	ノンテクニカルURL	DOI	CiNii Articles	NDL ONLINE
新型コロナ対策としてのマスク着用義務化――アメリカの政策評価と日本への示唆	笠原博幸	かさはら	CREPE コラム		CREPECL-10			44049	一般	A0疫学・医学	D0行動変容	http://www.crepe.e.u-tokyo.ac.jp/material/crepecl10.html				
現状放置なら５月下旬に緊急事態宣言の恐れ	小林辰男, 高野哲彰, 梶田脩斗	こばやし	日本経済研究センター					44273	一般	A0疫学・医学	E1マクロ経済	https://www.jcer.or.jp/policy-proposals/20210318-3.html				
接触確認アプリCOCOAを行動経済学で読み解く	佐々木周作	ささき	月刊金融ジャーナル	61	11	36	37	44105	一般	A0疫学・医学						
新型コロナ対策がもたらす効果の定量的分析～緊急事態宣言解除後のシナリオとは？～	千葉安佐子	ちば	東京財団政策研究所					44274	一般	A0疫学・医学	D0行動変容	https://www.tkfd.or.jp/research/detail.php?id=3716				
新型コロナ危機と経済政策	森川正之	もりかわ	RIETI Policy Discussion Paper		20-P-014			44028	一般	A0疫学・医学		https://www.rieti.go.jp/jp/publications/summary/20050015.html	https://www.rieti.go.jp/jp/publications/nts/20p014.html			
感染症データにおける「従属性」と因果推論	近藤恵介	こんどう	RIETI 特別コラム					44232	一般	C0データ分析		https://www.rieti.go.jp/jp/columns/a01_0630.html				
「疫学」と「マクロ経済学」の視点から ―最新論文に見る感染症対策と経済活動維持の最適解とは―	猪野明生, 千葉安佐子	いの	東京財団政策研究所					44018	一般	E1マクロ経済	A0疫学・医学	https://www.tkfd.or.jp/research/detail.php?id=3470				
コロナ危機は需要ショックなのか供給ショックなのか？	久保田荘	くぼた	早稲田大学ソーシャル＆ヒューマン・キャピタル研究所					43929	一般	E1マクロ経済		https://www.waseda.jp/prj-wishproject/covid-19.html				
コロナ危機の経済学 : 提言と分析	小林慶一郎, 森川正之 編	こばやし	日経BP日本経済新聞出版本部					44029	一般	E1マクロ経済					BB31641612	030504149
新型コロナウイルスのマクロ経済学 (1) 感染症拡大防止政策のトレードオフ	田中聡史	たなか	経済セミナー		715	46	51	44044	一般	E1マクロ経済	A0疫学・医学				40022314392	030575114
新型コロナウイルスのマクロ経済学 (2) 実体経済への影響と日本を含むG20先進国の政策対応	田中聡史	たなか	経済セミナー		716	59	65	44105	一般	E1マクロ経済					40022368717	030675142
特別号・新型コロナウィルス感染症の経済学	日本銀行金融研究所	にっぽんぎんこう	金研ニュースレター					43952	一般	E1マクロ経済	A0疫学・医学	https://www.imes.boj.or.jp/jp/newsletter/newsletter.html				
コロナ禍の経済対策：社会的離隔・外部性・デジタル化	楡井誠	にれい	RIETI 特別コラム					43928	一般	E1マクロ経済		https://www.rieti.go.jp/jp/columns/a01_0561.html				
新型コロナと経済活動：緊急事態宣言解除基準の考察	藤井大輔	ふじい	RIETI 特別コラム					44229	一般	E1マクロ経済		https://www.rieti.go.jp/jp/columns/a01_0629.html				
コロナショックの経済学	宮川努	みやがわ	中央経済社					44311	一般	E1マクロ経済	A0疫学・医学				BC07054367	031396641
POSでみるコロナ禍の購買動向：品目分析編	小西葉子	こにし	RIETI 特別コラム					43923	一般	E2消費		https://www.rieti.go.jp/jp/columns/a01_0554.html				
POSでみるコロナ禍の購買動向：業態分析編	小西葉子	こにし	RIETI 特別コラム					43937	一般	E2消費		https://www.rieti.go.jp/jp/columns/a01_0574.html				
POSでみるコロナ禍の購買動向：家電量販店×地域分析編	小西葉子	こにし	RIETI 特別コラム					43949	一般	E2消費		https://www.rieti.go.jp/jp/columns/a01_0589.html				
POSでみるコロナ禍の購買動向：食品・日用品×地域分析編	小西葉子	こにし	RIETI 特別コラム					43969	一般	E2消費		https://www.rieti.go.jp/jp/columns/a01_0596.html				
POSでみるコロナ禍の購買動向：緊急事態宣言解除後編	小西葉子	こにし	RIETI 特別コラム					44015	一般	E2消費		https://www.rieti.go.jp/jp/columns/a01_0606.html				
宿泊業・飲食サービス業への新型コロナの影響をどう軽減すべきか？	森川正之	もりかわ	RIETI 特別コラム					44028	一般	E2消費		https://www.rieti.go.jp/jp/columns/a01_0610.html				
新型コロナショックと東日本大震災に対する消費・物価の反応	渡辺努	わたなべ	CREPE コラム		CREPECL-6			43952	一般	E2消費		http://www.crepe.e.u-tokyo.ac.jp/material/crepecl6.html				
COVID-19 stimulus payments: Evidence from bank transaction data in Japan	So Kubota, Koichiro Onishi, Yuta Toyama	んKubota	VoxEU					44223	一般	E2消費	E1マクロ経済	https://voxeu.org/article/covid-19-stimulus-payments-evidence-japan				
新型コロナ後の国際貿易	若杉隆平	わかすぎ	日欧産業協力センター					44041	一般	F0貿易		https://www.cfiec.jp/2020/0021-wakasugi/				
金融円滑化法 コロナ危機で問われる事業性評価の力 : 金融円滑化法の教訓を生かせ	家森信善	やもり	月刊金融ジャーナル	61	7	14	17	44013	一般	G0金融					40022294831	030537127
The COVID-19 Crisis: Policy Recommendations for Japan	Naoyuki Yoshino, Nella Hendriyetty	んYoshino	The Economists’ Voice	17	1			44018	一般	G0金融		https://doi.org/10.1515/ev-2020-0017		10.1515/ev-2020-0017		
【半歩先を読む経済教室】待ち受ける「コロナ対応で発生した債務処理」と「財政健全化」という2つの難題	小黒一正	おぐろ	Business Journal					44022	一般	H0財政		https://cigs.canon/article/20200728_5241.html				
新型コロナウイルス対策特別会計(仮称)の設置を	藤原幸則	ふじわら	APIR Trend Watch		67			44124	一般	H0財政		https://www.apir.or.jp/wp/wp-content/uploads/APIR_Trend_Watch_No.67.pdf	https://www.apir.or.jp/research/8983/			
PCR検査体制の拡充と偽陽性の問題	小黒一正	おぐろ	RIETI コラム					44043	一般	I1医療		https://www.rieti.go.jp/jp/columns/a01_0611.html				
コロナワクチン接種開始：希望者の揺れる心にケアを	佐々木周作	ささき	週刊東洋経済		6979	76	77	44296	一般	I1医療					40022527532	031366029
新型コロナウイルスの感染拡大と妊娠・出産への影響 ~危機後のベビーブームは「都市伝説」なのか?~	佐藤栄一郎	さとう	財務総研スタッフ・レポート		20-SR-09			44021	一般	I1医療		https://www.mof.go.jp/pri/publication/research_paper_staff_report/staff09.pdf				
65歳未満を対象としたワクチン接種の大規模なRCTを行えないか？	関沢洋一	せきざわ	RIETI 特別コラム					44232	一般	I1医療		https://www.rieti.go.jp/jp/columns/a01_0631.html				
コロナ禍における医療機関への経済支援の在り方と今後の医療提供体制	飛田英子	とびた	リサーチ・フォーカス		2020-020			44070	一般	I1医療		https://www.jri.co.jp/file/report/researchfocus/pdf/12054.pdf				
COVID-19ワクチンの配布計画とマッチング・マーケットデザイン	野田俊也	のだ	東京大学マーケットデザインセンター					44209	一般	I1医療		https://www.mdc.e.u-tokyo.ac.jp/overview/disaster-relief/covid-19-vaccine/				
COVID-19, mental health, and domestic violence: Evidence from Japan	Eiji Yamamura, Yoshiro Tsutsui	んYamamura	VoxEU					44004	一般	I1医療		https://voxeu.org/article/covid-19-mental-health-and-domestic-violence				
新型コロナは教育格差にどのような影響を及ぼしたのか？	小林庸平, 西畑壮哉	こばやし	RIETI 特別コラム					44123	一般	I2教育		https://www.rieti.go.jp/jp/columns/a01_0617.html				
コロナショックと教育・経済格差についての考察	髙橋済, 高橋尚吾	たかはし	財務総研スタッフ・レポート		20-SR-10			44033	一般	I2教育		https://www.mof.go.jp/pri/publication/research_paper_staff_report/staff10.pdf				
コロナ禍のもとでの小中学校の休校とICT利用：日英比較から	永瀬伸子	ながせ	統計	72	4	38	42	44287	一般	I2教育						
COVID-19が求職・求人マッチングに及ぼす影響	川田恵介	かわた	CREPE コラム		CREPECL-8			43963	一般	J0労働		http://www.crepe.e.u-tokyo.ac.jp/material/crepecl8.html				
新型コロナ（COVID-19）危機が引き起こす格差の拡大	菊池信之介, 北尾早霧, 御子柴みなも	きくち	CREPE コラム		CREPECL-7			43959	一般	J0労働	E1マクロ経済	http://www.crepe.e.u-tokyo.ac.jp/material/crepecl7.html				
新型コロナウイルス流行下（2020年2～9月）の企業業績と雇用―「第2回新型コロナウイルス感染症が企業経営に及ぼす影響に関する調査」二次分析―	小林徹	こばやし	JILPT リサーチアイ					44230	一般	J0労働		https://www.jil.go.jp/researcheye/bn/053_210203.html				
新型コロナ影響下の雇用減少と雇用調整速度の国際比較	小林徹	こばやし	JILPT リサーチアイ					44166	一般	J0労働		https://www.jil.go.jp/researcheye/bn/049_201201.html				
2～5月の新型コロナウイルス流行下の企業業績と採用・雇用維持―「新型コロナウイルス感染症が企業経営に及ぼす影響に関する調査」の二次分析―	小林徹	こばやし	JILPT リサーチアイ					44064	一般	J0労働		https://www.jil.go.jp/researcheye/bn/044_200821.html				
コロナショックの被害は女性に集中（続編）―雇用回復の男女格差―	周燕飛	しゅう	JILPT リサーチアイ					44099	一般	J0労働		https://www.jil.go.jp/researcheye/bn/047_200925.html				
低い申請者割合にとどまるコロナ困窮者支援事業	周燕飛	しゅう	JILPT リサーチアイ					44043	一般	J0労働		https://www.jil.go.jp/researcheye/bn/038_200626.html				
コロナショックの被害は女性に集中―働き方改革でピンチをチャンスに―	周燕飛	しゅう	JILPT リサーチアイ					44008	一般	J0労働		https://www.jil.go.jp/researcheye/bn/038_200626.html				
COVID-19, teleworking, and productivity	Masayuki Morikawa	んMorikawa	VoxEU					43931	一般	J0労働		https://voxeu.org/article/covid-19-teleworking-and-productivity				
新型コロナウイルスが関西のスポーツ関連産業に与える影響	稲田義久, 下田充, 入江啓彰	いなだ	アジア太平洋と関西					44105	一般	L0産業						
感染拡大を防ぐ行動制限のトレードオフ――Google位置情報と倒産履歴から探る経済的影響	宮川大介	みやかわ	CREPE コラム		CREPECL-9			43969	一般	L0産業	D0行動変容	http://www.crepe.e.u-tokyo.ac.jp/material/crepecl9.html				
Firm exit patterns and the post-Covid cleansing mechanism: Evidence from Japan	Gee Hee Hong, Yukiko Saito	んHong	VoxEU					44252	一般	M0企業経営	G0金融	https://voxeu.org/article/firm-exit-patterns-and-post-covid-cleansing-mechanism				
Quantifying the impact of the COVID-19 pandemic on firms' default probability in Japan	Mitsuhiro Osada, Kazuki Otaka, Satoko Kojima, Ryuichiro Hirano, Genichiro Suzuki, Nao Sudo	んOsada	VoxEU					44222	一般	M0企業経営	L0産業	https://voxeu.org/article/impact-covid-19-firms-default-probability-japan				
感染症の歴史	岡崎哲二	おかざき	CIGS Highlight		89	5	10	44105	一般	N0歴史		https://cigs.canon/uploads/2020/10/5df01e7008a68df638be41b17c15a6839f94b432.pdf#page=7				
感染症と経済学	髙橋済	たかはし	財務総研リサーチ・ペーパー		20-RP-06			44054	一般	N0歴史	A0疫学・医学	https://www.mof.go.jp/pri/publication/research_paper_staff_report/research06.pdf				
新型コロナ感染症拡大で考える東京への人口一極集中とコロナ後の変化	奥愛, 永井里奈	おく	財務総研スタッフ・レポート		20-SR-11			44039	一般	R0都市・不動産		https://www.mof.go.jp/pri/publication/research_paper_staff_report/staff11.pdf				
コロナゲームはタカハトゲーム？	西條辰義	さいじょう	東京財団政策研究所 コラム					43966	一般	Y0その他		https://www.tkfd.or.jp/research/detail.php?id=3412				
緊急事態宣言、ステージIIまで継続を	小林辰男, 高野哲彰, 梶田脩斗, 岩田一政	こばやし	日本経済研究センター					44228	専門	A0疫学・医学	E1マクロ経済	https://www.jcer.or.jp/policy-proposals/2021022.html				
日本の新型コロナウイルス感染症拡大の現状と感染リスク	柴本昌彦	しばもと	RIEB Discussion Paper Series		2020-J11			44061	専門	A0疫学・医学		https://www.rieb.kobe-u.ac.jp/academic/ra/dp/Japanese/dp2020-J11.html				
Trade-off between job losses and the spread of COVID-19 in Japan	Kisho Hoshi, Hiroyuki Kasahara, Ryo Makioka, Michio Suzuki, Satoshi Tanaka	んHoshi	Japanese Economic Review	72	4			forthcoming	専門	A0疫学・医学		https://doi.org/10.1007/s42973-021-00092-w		10.1007/s42973-021-00092-w		
Health and Public Health Implications of COVID-19 in Asian Countries	Atsushi Miyawaki, Yusuke Tsugawa	んMiyawaki	Asian Economic Policy Review		published online			44409	専門	A0疫学・医学		https://doi.org/10.1111/aepr.12358		10.1111/aepr.12358		
COVID-19 Infection Spread and Human Mobility	Masahiko Shibamoto, Shoka Hayaki, Yoshitaka Ogisu	んShibamoto	RIEB Discussion Paper Series		2021-J16			44393	専門	A0疫学・医学		https://www.rieb.kobe-u.ac.jp/academic/ra/dp/English/dp2021-16.html				
Modeling and Simulation on the COVID-19 Infection: Preliminary Result	Tsubasa Shibata, Hiroyuki Kosaka	んShibata	IDE Discussion Papers		816			44256	専門	A0疫学・医学	E1マクロ経済	https://hdl.handle.net/2344/00052055				
A Cross-Country Analysis of the Determinants of Covid-19 Fatalities	Hideki Toya, Mark Skidmore	んToya	CESifo Working Paper		9028			44197	専門	A0疫学・医学		https://www.cesifo.org/en/publikationen/2021/working-paper/cross-country-analysis-determinants-covid-19-fatalities				
世代別・性別の 外出率とCOVID-19陽性者割合との関係	水野貴之, 大西立顕, 渡辺努	みずの	CIGS コラム					44027	専門	D0行動変容		https://cigs.canon/article/20200715_5251.html				
新型コロナウイルス感染拡大に対応した外出抑制措置の影響～ビッグデータを活用した分析の現状～	虫明英太郎	むしあけ	財務総研スタッフ・レポート		No.21-SR-01			44215	専門	D0行動変容		https://www.mof.go.jp/pri/publication/research_paper_staff_report/staff16.pdf				
新型コロナウィルス感染症の予防行動へのナッジの効果：スマートフォン広告を用いた大規模無作為化対照実験から	森脇大輔, 原田宗一郎, シュナイダージヤン, 星野崇宏	もりわき	Keio-IES Discussion Paper Series		DP2020-021			44143	専門	D0行動変容		https://ies.keio.ac.jp/publications/13468/				
The bright and dark sides of social media usage during the COVID-19 pandemic: Survey evidence from Japan	Susumu Cato, Takashi Iida, Kenji Ishida, Asei Ito, Hiroto Katsumata, Kenneth Mori McElwain, Masahiro Shoji	んCato	International Journal of Disaster Risk Reduction	54		102034		44228	専門	D0行動変容		https://doi.org/10.1016/j.ijdrr.2020.102034		10.1016/j.ijdrr.2020.102034		
Social distancing as a public good under the COVID-19 pandemic	Susumu Cato, Takashi Iida, Kenji Ishida, Asei Ito, Kenneth Mori McElwain, Masahiro Shoji	んCato	Public Health	188		51	53	44136	専門	D0行動変容		https://doi.org/10.1016/j.puhe.2020.08.005		10.1016/j.puhe.2020.08.005		
Causal impact of masks, policies, behavior on early covid-19 pandemic in the U.S.	Victor Chernozhukov, Hiroyuki Kasahara, Paul Schrimpf	んChernozhukov	Journal of Econometrics	220	1	23	62	44197	専門	D0行動変容		https://doi.org/10.1016/j.jeconom.2020.09.003	http://www.crepe.e.u-tokyo.ac.jp/material/crepecl10.html	10.1016/j.jeconom.2020.09.003		
Modeling the effects of contact-tracing apps on the spread of the coronavirus disease: Mechanisms, conditions, and efficiency	Asako Chiba	んChiba	PLoS ONE	16	9	e0256151		44440	専門	D0行動変容	A0疫学・医学	https://doi.org/10.1371/journal.pone.0256151		10.1371/journal.pone.0256151		
The effectiveness of mobility control, shortening of restaurants’ opening hours, and working from home on control of COVID-19 spread in Japan	Asako Chiba	んChiba	Health & Place	70		102622		44378	専門	D0行動変容	A0疫学・医学	https://doi.org/10.1016/j.healthplace.2021.102622		10.1016/j.healthplace.2021.102622		
Does Lockdown Policy Reduce Human Activity?	Kazunobu Hayakawa, Souknilanh Keola	んHayakawa	IDE Discussion Papers		800			44075	専門	D0行動変容		https://hdl.handle.net/2344/00051841				
How effective was the restaurant restraining order against COVID-19? A nighttime light study in Japan	Kazunobu Hayakawa, Souknilanh Keola, Shujiro Urata	んHayakawa	IDE Discussion Papers		822			44378	専門	D0行動変容		https://hdl.handle.net/2344/00052190				
COVID-19 Enhanced Diminishing Sensitivity in Prospect-Theory Risk Preferences: A Panel Analysis	Shinsuke Ikeda, Eiji Yamamura, Yoshiro Tsutsui	んIkeda	ISER Discussion Papers		1106			44108	専門	D0行動変容		https://www.iser.osaka-u.ac.jp/library/dp/2020/DP1106.pdf				
COVID-19 with Stigma: Theory and Evidence from Mobility Data	Yuya Katafuchi, Kenichi Kurita, Shunsuke Managi	んKatafuchi	Economics of Disasters and Climate Change	5		71	95	44287	専門	D0行動変容		https://doi.org/10.1007/s41885-020-00077-w		10.1007/s41885-020-00077-w		
Ambiguity and Self-Protection: Evidence from Social Distancing under the Covid-19 Pandemic	Daiki Kishishita, Hans Tung, Charlotte Wang	んKishisita	SSRN		3778645			44230	専門	D0行動変容		https://doi.org/10.2139/ssrn.3778645		10.2139/ssrn.3778645		
Social Comparisons and Cooperation during COVID-19	Shuhei Kitamura, Katsunori Yamada	んKitamura	PsyArXiv Preprints					44023	専門	D0行動変容		https://doi.org/10.31234/osf.io/rsbmz		10.31234/osf.io/rsbmz		
Simulating the Impacts of Interregional Mobility Restriction on the Spatial Spread of COVID-19 in Japan	Keisuke Kondo	んKondo	RIETI Discussion Paper Series		20-E-089			44166	専門	D0行動変容		https://www.rieti.go.jp/jp/publications/summary/20120005.html				
Designing a Tourism Stimulus During the COVID-19 Pandemic in Japan	Toshiyuki Matsuura, Hisamitsu Saito	んMatsuura	RIETI Discussion Paper Series		21-E-012			44228	専門	D0行動変容		https://www.rieti.go.jp/jp/publications/summary/21020014.html				
Changes of Urban Activities and Behaviors Due to COVID-19 in Japan	Hiroyoshi Morita, Shinichiro Nakamura, Yoshitsugu Hayashi	んMorita	SSRN		3594054			43969	専門	D0行動変容		https://doi.org/10.2139/ssrn.3594054		10.2139/ssrn.3594054		
Japanese citizens' behavioral changes and preparedness against COVID-19: An online survey during the early phase of the pandemic	Kaori Muto, Isamu Yamamoto, Miwako Nagasu, Mikihito Tanaka, Koji Wada	んMuto	PLoS ONE	15	6	e0234292		43993	専門	D0行動変容		https://doi.org/10.1371/journal.pone.0234292		10.1371/journal.pone.0234292		
Effective but fragile? Responses to repeated nudge-based messages for preventing the spread of COVID-19 infection	Shusaku Sasaki, Hirofumi Kurokawa, Fumio Ohtake	んSasaki	Japanese Economic Review	72	3	371	408	44378	専門	D0行動変容		https://doi.org/10.1007/s42973-021-00076-w		10.1007/s42973-021-00076-w		
COVID-19 and Social Distancing in the Absence of Legal Enforcement: Survey Evidence from Japan	Masahiro Shoji, Susumu Cato, Takashi Iida, Kenji Ishida, Asei Ito, Kenneth McElwain	んShoji	MPRA Paper		100723			43979	専門	D0行動変容		https://mpra.ub.uni-muenchen.de/id/eprint/100723				
Social punishment for breaching restrictions during the COVID-19 pandemic	Ryo Takahashi, Kenta Tanaka	んTakahashi	Economic Inquiry	59	4	1467	1482	44470	専門	D0行動変容		https://doi.org/10.1111/ecin.13020		10.1111/ecin.13020		
Japan’s voluntary lockdown	Tsutomu Watanabe, Tomoyoshi Yabu	んWatanabe	PLoS ONE	16	6	e0252468		44357	専門	D0行動変容		https://doi.org/10.1371/journal.pone.0252468	https://cigs.canon/article/20200910_5344.html	10.1371/journal.pone.0252468		
Japan’s voluntary lockdown: further evidence based on age-specific mobile location data	Tsutomu Watanabe, Tomoyoshi Yabu	んWatanabe	Japanese Economic Review	72	3	333	370	44378	専門	D0行動変容		https://doi.org/10.1007/s42973-021-00077-9		10.1007/s42973-021-00077-9		
Impact of the state of emergency declaration for Covid-19 on preventive behaviours and mental conditions in Japan: Difference in difference analysis using panel data	Eiji Yamamura, Yoshiro Tsutsui	んYamamura	Covid Economics: Vetted and Real-Time Papers		23	303	324	43979	専門	D0行動変容		https://cepr.org/sites/default/files/CovidEconomics23.pdf#page=308				
Global mortality benefits of COVID-19 action	Sunbin Yoo, Shunsuke Managi	んYoo	Technological Forecasting and Social Change	160		120231		44136	専門	D0行動変容		https://doi.org/10.1016/j.techfore.2020.120231		10.1016/j.techfore.2020.120231		
新型コロナウイルス危機のマクロ経済分析	久保田荘	くぼた	医療経済研究	33	1			44270	専門	E1マクロ経済		https://doi.org/10.24742/jhep.2021.01		10.24742/jhep.2021.01		
感染症拡大モデルにおける行動制限政策と検査隔離政策の比較	小林慶一郎, 奴田原健悟	こばやし	CIGS Working Paper Series		20-005J			44063	専門	E1マクロ経済	A0疫学・医学	https://cigs.canon/article/20200820_5298.html				
所得循環から見た外出自粛下の日本経済	櫻庭千尋	さくらば	村上亨・柳川隆・小澤太郎編『日本経済政策学会叢書３　成長幻想からの決別　平成の検証と令和への展望』勁草書房			118	133	44166	専門	E1マクロ経済					BC0459780X	030807668
コロナ禍における現金給付政策の有効性	R. アントン・ブラウン, 池田大輔	ぶらうん	CIGS コラム					44027	専門	E1マクロ経済		https://cigs.canon/article/20200715_6560.html				
Why Cash Transfers Are Good Policy in the COVID-19 Pandemic	R. Anton Braun, Daisuke Ikeda	んBraun	Federal Reserve Bank of Atlanta’s Policy Hub		No.04-2020			43952	専門	E1マクロ経済		https://www.frbatlanta.org/research/publications/policy-hub/2020/05/14/why-cash-transfers-are-good-policy-in-the-covid-19-pandemic				
COVID-19 and output in Japan	Daisuke Fujii, Taisuke Nakata	んFujii	Japanese Economic Review	72	4			forthcoming	専門	E1マクロ経済		https://doi.org/10.1007/s42973-021-00098-4	https://www.rieti.go.jp/jp/publications/nts/21e004.html	10.1007/s42973-021-00098-4		
Is There a Trade-Off between COVID-19 Control and Economic Activity? Implications from the Phillips Curve Debate	Mitsuhiro Fukao, Etsuro Shioji	んFukao	Asian Economic Policy Review		published online			44417	専門	E1マクロ経済	A0疫学・医学	https://doi.org/10.1111/aepr.12361		10.1111/aepr.12361		
COVID-19 Misperception and Macroeconomy	Masashige Hamano, Munechika Katayama, So Kubota	んHamano	WINPEC Working Paper Series		E2016			44137	専門	E1マクロ経済		https://www.waseda.jp/fpse/winpec/assets/uploads/2020/11/E2016_20201102-1version.pdf				
Epidemic and Economic Consequences of Voluntary and Request-based Lockdowns in Japan	Kaoru Hosono	んHosono	RIETI Discussion Paper Series		21-E-009			44228	専門	E1マクロ経済	A0疫学・医学	https://www.rieti.go.jp/jp/publications/summary/21020008.html				
Who suffers from the COVID-19 shocks? Labor market heterogeneity and welfare consequences in Japan	Shinnosuke Kikuchi, Sagiri Kitao, Minamo Mikoshiba	んKikuchi	Journal of the Japanese and International Economies	59		101117		44256	専門	E1マクロ経済	J0労働	https://doi.org/10.1016/j.jjie.2020.101117	http://www.crepe.e.u-tokyo.ac.jp/material/crepecl7.html	10.1016/j.jjie.2020.101117		
The macroeconomics of COVID-19 exit strategy: the case of Japan	So Kubota	んKubota	Japanese Economic Review	72	4			forthcoming	専門	E1マクロ経済	A0疫学・医学	https://doi.org/10.1007/s42973-021-00091-x		10.1007/s42973-021-00091-x		
Economic Impacts of SARS/MERS/COVID-19 in Asian Countries	Satoshi Tanaka	んTanaka	Asian Economic Policy Review		published online			44438	専門	E1マクロ経済	A0疫学・医学	https://doi.org/10.1111/aepr.12363		10.1111/aepr.12363		
コロナ禍における現金給付の家計消費への影響	宇南山卓, 古村典洋, 服部孝洋	うなやま	RIETI ディスカッション・ペーパー		21-J-022			44287	専門	E2消費	E1マクロ経済	https://www.rieti.go.jp/jp/publications/summary/21040013.html				
日本人はコロナ禍をどのように過ごしたか？：消費ビッグデータによる購買行動分析	小西葉子, 齋藤敬, 石川斗志樹, 金井肇, 伊藝直哉	こにし	RIETI ディスカッション・ペーパー		20-J-037			44098	専門	E2消費	D0行動変容	https://www.rieti.go.jp/jp/publications/summary/20090010.html				
新型コロナ感染拡大に伴うサービス消費自粛の度合いをクレカ取引データから推計する方法	渡辺努, 大森悠貴	わたなべ	CIGS Working Paper Series		20-001J			43922	専門	E2消費		https://cigs.canon/article/20200428_6377.html				
Price Index Numbers Under Large-Scale Demand Shocks: The Japanese Experience of the COVID-19 Pandemic	Naohito Abe, Toshikatsu Inoue, Hideyasu Sato	んAbe	RCESR Discussion Paper Series		DP20-2			44013	専門	E2消費	E1マクロ経済	https://hdl.handle.net/10086/31306				
Impact of Cash Transfers on Consumption during the COVID-19 Pandemic: Evidence from Japanese Special Cash Payments	Takahiro Hattori, Norihiro Komura, Takashi Unayama	んHattori	RIETI Discussion Paper Series		21-E-043			44348	専門	E2消費		https://www.rieti.go.jp/jp/publications/summary/21060001.html				
Who spent their COVID-19 stimulus payment? Evidence from personal finance software in Japan	Michiru Kaneda, So Kubota, Satoshi Tanaka	んKaneda	Japanese Economic Review	72	3	409	437	44378	専門	E2消費	G0金融	https://doi.org/10.1007/s42973-021-00080-0		10.1007/s42973-021-00080-0		
Fear of COVID-19 Contagion: The Idiosyncratic Effects of an Aggregate Pandemic Shock	Junichi Kikuchi, Ryoya Nagao, Yoshiyuki Nakazono	んKikuchi	SSRN		3875155			44377	専門	E2消費		https://doi.org/10.2139/ssrn.3875155		10.2139/ssrn.3875155		
How Did Japan Cope with COVID-19? Big Data and Purchasing Behavior	Yoko Konishi, Takashi Saito, Toshiki Ishikawa, Hajime Kanai, Naoya Igei	んKonishi	Asian Economic Papers	20	1	146	167	44310	専門	E2消費		https://doi.org/10.1162/asep_a_00797		10.1162/asep_a_00797		
Consumption responses to COVID-19 payments: Evidence from a natural experiment and bank account data	So Kubota, Koichiro Onishi, Yuta Toyama	んKubota	Journal of Economic Behavior & Organization	188		1	17	44409	専門	E2消費	E1マクロ経済	https://doi.org/10.1016/j.jebo.2021.05.006	https://voxeu.org/article/covid-19-stimulus-payments-evidence-japan	10.1016/j.jebo.2021.05.006		
Association between participation in the government subsidy programme for domestic travel and symptoms indicative of COVID-19 infection in Japan: cross-sectional study	Atsushi Miyawaki, Takahiro Tabuchi, Yasutake Tomata, Yusuke Tsugawa	んMiyawaki	BMJ Open	11	4	e049069		44287	専門	E2消費		https://doi.org/10.1136/bmjopen-2021-049069		10.1136/bmjopen-2021-049069		
A Dynamic Model of Rational "Panic Buying"	Shunya Noda, Kazuhiro Teramoto	んNoda	SSRN		3721706			44133	専門	E2消費		https://doi.org/10.2139/ssrn.3721706		10.2139/ssrn.3721706		
Traveling and Eating Out during the COVID-19 Pandemic: The Go To Campaign Policies in Japan	Toshihiro Okubo	んOkubo	Keio-IES Discussion Paper Series		DP2021-016			44429	専門	E2消費	D0行動変容	https://ies.keio.ac.jp/en/publications/14425/				
Online Consumption During the COVID-19 Crisis: Evidence from Japan	Yuki Omori, Tsutomu Watanabe	んOmori	Covid Economics: Vetted and Real-Time Papers		32	208	241	44008	専門	E2消費		https://cepr.org/sites/default/files/CovidEconomics32.pdf#page=213				
Household Expenditures and the Effective Reproduction Number in Japan: Regression Analysis	Hajime Tomura	んTomura						mimeo	専門	E2消費	E1マクロ経済	https://researchmap.jp/tomurah/misc/32426544/attachment_file.pdf				
Inbound Demand in Fear of Pandemic Disease: Consumption with Inventories Perspective	Junmin Wan	んWan	Advanced Center of Economic Studies, Working Papers, Fukuoka University	WP-2021-005				44277	専門	E2消費		http://www.econ.fukuoka-u.ac.jp/researchcenter/workingpapers/WP-2021-005.pdf				
The Responses of Consumption and Prices in Japan to the COVID-19 Crisis and the Tohoku Earthquake	Tsutomu Watanabe	んWatanabe	Columbia University Center on Japanese Economy and Business Working Paper Series		373			43891	専門	E2消費		https://doi.org/10.7916/d8-qs4v-q792		10.7916/d8-qs4v-q792		
Impacts of COVID-19 on International Trade: Evidence from the First Quarter of 2020	Kazunobu Hayakawa, Hiroshi Mukunoki	んHayakawa	IDE Discussion Papers		791			43983	専門	F0貿易		https://hdl.handle.net/2344/00051734				
Impacts of COVID-19 on Global Value Chains	Kazunobu Hayakawa, Hiroshi Mukunoki	んHayakawa	The Developing Economies	59	2	154	177	44318	専門	F0貿易		https://doi.org/10.1111/deve.12275		10.1111/deve.12275		
Impacts of Lockdown Policies on International Trade	Kazunobu Hayakawa, Hiroshi Mukunoki	んHayakawa	Asian Economic Papers	20	2	123	141	44331	専門	F0貿易		https://doi.org/10.1162/asep_a_00804		10.1162/asep_a_00804		
マクロ環境と国債管理リスク ―コロナショックとリーマンショック時の比較―	小枝淳子	こえだ	PRI Discussion Paper Series		20A-11			44013	専門	G0金融	E1マクロ経済	https://www.mof.go.jp/pri/research/discussion_paper/ron330.pdf				030538710
新型コロナ関連の金融支援に関する実態調査	藤原賢哉, 地主敏樹, 家森信善	ふじわら	神戸大学大学院経営学研究科ディスカッション・ペーパー		2021･07			44256	専門	G0金融		https://b.kobe-u.ac.jp/papers/2021_07/				
コロナ禍における債務不履行：リース料金支払データを用いた実証分析	宮川大介, 王嘉睿, 宮本佑真, 雪本真治, 柳岡優希	みやかわ	RIETI Special Report					44193	専門	G0金融		https://www.rieti.go.jp/jp/special/special_report/124.html				
コロナ禍の第一波が中小企業に与えた影響と信用保証の対応	家森信善, 相澤朋子	やもり	RIEB Discussion Paper Series		2020-J16			44133	専門	G0金融	M0企業経営	https://www.rieb.kobe-u.ac.jp/academic/ra/dp/Japanese/dp2020-J16.html				
Measuring the Value of Corporate Cash Holdings against Predictable and Unpredictable Negative Shocks	Kohei Aono, Keiichi Hori	んAono	Discussion Paper Series, School of Economics, Kwansei Gakuin University		214-2			44287	専門	G0金融	M0企業経営	https://ideas.repec.org/p/kgu/wpaper/214-2.html				
Household financial services, financial literacy, and COVID-19 pandemic	Hiroshi Fujiki	んFujiki	Applied Economics Letters		published online			44218	専門	G0金融		https://doi.org/10.1080/13504851.2021.1878092		10.1080/13504851.2021.1878092		
Do fiscal policy news shocks affect JGB yield? Evidence from COVID-19	Takahiro Hattori, Motoki Katano	んHattori	PRI Discussion Paper Series		20A-15			44166	専門	G0金融	H0財政	https://www.mof.go.jp/pri/research/discussion_paper/ron334.pdf				030809344
COVID-19 and precautionary corporate cash holdings: Evidence from Japan	Tomohito Honda, Iichiro Uesugi	んHonda	Covid Economics: Vetted and Real-Time Papers		68	172	204	44237	専門	G0金融		https://cepr.org/sites/default/files/CovidEconomics68.pdf#page=177				
Assessing the impact of COVID-19 on major industries in Japan: A dynamic conditional correlation approach	Masayasu Kanno	んKanno	Research in International Business and Finance	58		101488		44531	専門	G0金融		https://doi.org/10.1016/j.ribaf.2021.101488		10.1016/j.ribaf.2021.101488		
Ambiguity in a pandemic recession, asset prices, and lockdown policy	Keiichi Morimoto, Shiba Suzuki	んMorimoto	SSRN		3896828			44408	専門	G0金融		https://doi.org/10.2139/ssrn.3896828		10.2139/ssrn.3896828		
Regional Interdependence of the Japan REIT Market: A Heteroscedasticity-Robust Time Series Approach	Kaiji Motegi, Yoshitaka Iitsuka	んMotegi	SSRN		3902176			44425	専門	G0金融		https://doi.org/10.2139/ssrn.3902176		10.2139/ssrn.3902176		
On the Evolution of Cryptocurrency Market Efficiency	Akihiko Noda	んNoda	Applied Economics Letters	28	6	433	439	43954	専門	G0金融		https://doi.org/10.1080/13504851.2020.1758617		10.1080/13504851.2020.1758617		
Asset pricing during pandemic lockdown	Yuta Saito, Jun Sakamoto	んSaito	Research in International Business and Finance	58		101449		44531	専門	G0金融	A0疫学・医学	https://doi.org/10.1016/j.ribaf.2021.101449		10.1016/j.ribaf.2021.101449		
When Japanese Stock Market Meets COVID-19: Impact of Ownership, Trading, ESG, and Liquidity Channels	Hidenori Takahashi, Kazuo Yamada	んTakahashi	SSRN		3577424			44015	専門	G0金融	M0企業経営	https://doi.org/10.2139/ssrn.3577424		10.2139/ssrn.3577424		
When the Japanese stock market meets COVID-19: Impact of ownership, China and US exposure, and ESG channels	HidenoriTakahashi, KazuoYamada	んTakahashi	International Review of Financial Analysis	74				44317	専門	G0金融		https://doi.org/10.1016/j.irfa.2021.101670		10.1016/j.irfa.2021.101670		
Covid-19 and Optimal Portfolio Selection for Investment in Sustainable Development Goals	Naoyuki Yoshino, Farhad Taghizadeh-Hesary, Miyu Otsuka	んYoshino	Finance Research Letters	38		101695		44197	専門	G0金融		https://doi.org/10.1016/j.frl.2020.101695		10.1016/j.frl.2020.101695		
新型コロナ危機への財政的対応：2020年前半期の記録	安藤道人, 古川知志雄, 中田大悟, 角谷和彦	あんどう	社会科学研究	72	1	129	158	44286	専門	H0財政		https://doi.org/10.34607/jssiss.72.1_129		10.34607/jssiss.72.1_129	130008037980	
2020年8月か9月に旅行に行った者は新型コロナウイルス感染と診断されやすかったか？	越智小枝, 関沢洋一, 宗未来	おち	RIETI ディスカッション・ペーパー		20-J-043			44166	専門	H0財政		https://www.rieti.go.jp/jp/publications/summary/20120002.html				
旅行と新型コロナ感染リスク：第三波前の個票データによる分析	中田大悟	なかた	RIETI ディスカッション・ペーパー		21-J-001			44197	専門	H0財政		https://www.rieti.go.jp/jp/publications/summary/21010002.html				
パンデミックと財政の役割	宮崎智視	みやざき	国民経済雑誌	223	4	45	63	44287	専門	H0財政		http://www.lib.kobe-u.ac.jp/handle_kernel/E0042449			40022566057	031460357
Fiscal Responses to the COVID-19 Crisis in Japan: The First Six Months	Michihito Ando, Chishio Furukawa, Daigo Nakata, Kazuhiko Sumiya	んAndo	National Tax Journal	73	3	901	926	44075	専門	H0財政		https://doi.org/10.17310/ntj.2020.3.12		10.17310/ntj.2020.3.12		
Tax or Subsidy on Interregional Travel with Infectious Diseases	Naoshi Doi, Shingo Yamazaki	んDoi	SSRN		3837047			44312	専門	H0財政		https://doi.org/10.2139/ssrn.3837047		10.2139/ssrn.3837047		
Where to Go: The Japanese Government's Travel Subsidy during COVID-19	Yoshito Funashima, Kazuki Hiraga	んFunashima	SSRN		3746114			44176	専門	H0財政		https://doi.org/10.2139/ssrn.3746114		10.2139/ssrn.3746114		
The financial incentivization and communication effects of a government’s postpandemic measure: The “go-to-travel” campaign and consumer behaviors in Japan	Takumi Tagashira	んTagashira	TDB-CAREE Discussion Paper Series		E-2021-01			44287	専門	H0財政		https://hdl.handle.net/10086/71659				
新型コロナウイルス感染症をめぐる医療提供体制に関する一考察	井深陽子	いぶか	日本労働研究雑誌	63	4	20	24	44287	専門	I1医療		https://www.jil.go.jp/institute/zassi/backnumber/2021/04/pdf/020-024.pdf			40022535836	031382847
ワクチン接種の後押し：自律的な意思決定を阻害しないナッジ・メッセージを目指して	佐々木周作, 齋藤智也, 大竹文雄	ささき	RIETI ディスカッション・ペーパー		21-J-023			44287	専門	I1医療	D0行動変容	https://www.rieti.go.jp/jp/publications/summary/21040014.html				
ワクチン接種意向の状況依存性：新型コロナウイルス感染症ワクチンに対する支払意思額の特徴とその政策的含意	佐々木周作, 齋藤智也, 大竹文雄	ささき	RIETI ディスカッション・ペーパー		21-J-007			44228	専門	I1医療	D0行動変容	https://www.rieti.go.jp/jp/publications/summary/21020007.html				
コロナショックと日本の医療体制：状況報告と論点整理	増原宏明, 細谷圭	ますはら	RIETI Policy Discussion Paper		21-P-003			44228	専門	I1医療		https://www.rieti.go.jp/jp/publications/summary/21010013.html				
新型コロナ、ワクチン接種と消費行動	森川正之	もりかわ	RIETI ディスカッション・ペーパー		21-J-042			44409	専門	I1医療		https://www.rieti.go.jp/jp/publications/summary/21080015.html	https://www.rieti.go.jp/jp/publications/nts/21j042.html			
The impact of COVID-19 employment shocks on suicide and safety net use: An early-stage investigation	Michihito Ando, Masato Furuichi	んAndo	SSRN		3733385			44154	専門	I1医療	J0労働	https://doi.org/10.2139/ssrn.3733385		10.2139/ssrn.3733385		
Willing or Hesitant? A Socioeconomic Study on the Potential Acceptance of COVID-19 Vaccine in Japan	Yoshihiko Kadoya, Somtip Watanapongvanich, Pattaphol Yuktadatta, Pongpat Putthinun, Stella T. Lartey, Mostafa Saidur Rahim Khan	んKadoya	International Journal of Environmental Research and Public Health	18	9	4864		44318	専門	I1医療		https://doi.org/10.3390/ijerph18094864		10.3390/ijerph18094864		
Determinants of COVID-19 vaccine preference: A survey study in Japan	Keisuke Kawata, Masaki Nakabayashi	んKawata	SSM - Population Health	15				44440	専門	I1医療		https://doi.org/10.1016/j.ssmph.2021.100902		10.1016/j.ssmph.2021.100902		
Loneliness during the COVID-19 Pandemic: A Comparison between Older and Younger People	Mostafa Saidur Rahim Khan, Yoshihiko Kadoya	んKhan	International Journal of Environmental Research and Public Health	18	15	7871		44409	専門	I1医療		https://doi.org/10.3390/ijerph18157871		10.3390/ijerph18157871		
The Impact of the COVID-19 Pandemic on Physician Visits in Japan	Narimasa Kumagai	んKumagai	Frontiers in Public Health					forthcoming	専門	I1医療		https://doi.org/10.3389/fpubh.2021.743371		10.3389/fpubh.2021.743371		
COVID-19, Vaccination, and Consumer Behavior	Masayuki Morikawa	んMorikawa	RIETI Discussion Paper Series		21-E-079			44440	専門	I1医療		https://www.rieti.go.jp/jp/publications/summary/21090010.html				
Monthly suicide rates during the COVID-19 pandemic: Evidence from Japan	Gerardo Ruiz Sánchez	んSanchez	Economics Letters	207		110014		44470	専門	I1医療		https://doi.org/10.1016/j.econlet.2021.110014		10.1016/j.econlet.2021.110014		
Long-term care at home and female work during the COVID-19 pandemic	Sinya Sugawara, Jiro Nakajima	んSugawara	Health Policy	125	7	859	868	44378	専門	I1医療	J0労働	https://doi.org/10.1016/j.healthpol.2021.04.013		10.1016/j.healthpol.2021.04.013		
Financial Meltdown in "Swing Hospitals" during the COVID-19 Outbreak	Reo Takaku, Izumi Yokoyama	んTakaku	medRxiv					44353	専門	I1医療		https://doi.org/10.1101/2021.06.06.21258442		10.1101/2021.06.06.21258442		
Increase in suicide following an initial decline during the COVID-19 pandemic in Japan	Takanao Tanaka, Shohei Okamoto	んTanaka	Nature Human Behaviour	5	2	229	238	44211	専門	I1医療		https://doi.org/10.1038/s41562-020-01042-z	https://note.com/takanao_tanaka/n/n6ac25ac73ec7	10.1038/s41562-020-01042-z		
Impact of closing schools on mental health during the COVID-19 pandemic: Evidence using panel data from Japan	Eiji Yamamura, Yoshiro Tsutsui	んYamamura	MPRA Paper		105023			44194	専門	I1医療	I2教育	https://mpra.ub.uni-muenchen.de/id/eprint/105023				
Impact of Temporary School Closure Due to COVID-19 on the Academic Achievement of Elementary School Students	Shinsuke Asakawa, Fumio Ohtake	あさかわ	Discussion Papers in Economics and Business, Graduate School of Economics, Osaka University		21-14			44440	専門	I2教育		http://www2.econ.osaka-u.ac.jp/econ_society/dp/2114.pdf				
Access to and Demand for Online School Education during the COVID-19 Pandemic in Japan	Hideo Akabayashi, Shimpei Taguchi, Mirka Zvedelikova	んAkabayashi	Keio-IES Discussion Paper Series		DP2021-013			44382	専門	I2教育		https://ies.keio.ac.jp/en/publications/14240/				
Shut Down Schools, Knock Down the Virus? No Causal Effect of School Closures on the Spread of COVID-19	Kentaro Fukumoto, Charles T. McClean, Kuninori Nakagawa	んFukumoto	medRxiv					44307	専門	I2教育		https://doi.org/10.1101/2021.04.21.21255832		10.1101/2021.04.21.21255832		
Online learning during school closure due to COVID-19	Masato Ikeda, Shintaro Yamaguchi	んIkeda	Japanese Economic Review	72	3	471	507	44378	専門	I2教育		https://doi.org/10.1007/s42973-021-00079-7	https://premium.toyokeizai.net/articles/-/25770	10.1007/s42973-021-00079-7		
The Effects of Large-Scale Online Classes on Students' Course Evaluations: Evidence from  a Japanese University under the COVID-19  Pandemic	Ryohei Kashima, Yohei Yamamoto	んKashima	Mori Arinori Institute for Higher Education and Global Mobility Working Paper Series		WP2021-03			44409	専門	I2教育		https://arinori.hit-u.ac.jp/wp-content/uploads/2021/08/0103603a410aea7b4304337746c8786f.pdf				
What the COVID-19 School Closure Left in Its Wake: Evidence from a Regression Discontinuity Analysis in Japan	Reo Takaku, Izumi Yokoyama	んTakaku	Journal of Public Economics	195		104364		44256	専門	I2教育		https://doi.org/10.1016/j.jpubeco.2020.104364		10.1016/j.jpubeco.2020.104364		
COVID-19's Lockdown and Crime Victimization: The State of Emergency under the Abe Administration in Asian Economic Policy Review has the following publication status	Yichen Shen, Rong Fu, Haruko Noguchi	んShen	Asian Economic Policy Review	16	2	327	348	44378	専門	I3厚生	D0行動変容	https://doi.org/10.1111/aepr.12339		10.1111/aepr.12339		
The impact of postponing 2020 Tokyo Olympics on the happiness of O-MO-TE-NA-SHI workers in tourism: A consequence of COVID-19	Eiji Yamamura, Yoshiro Tsutsui	んYamamura	Sustainability	12	19	8168		44107	専門	I3厚生		https://doi.org/10.3390/su12198168		10.3390/su12198168		
コロナ禍初期の緊急事態宣言下における在宅勤務の実施要因と所得や不安に対する影響	石井加代子, 中山真緒, 山本勲	いしい	日本労働研究雑誌	63	6	81	98	44348	専門	J0労働		https://www.jil.go.jp/institute/zassi/backnumber/2021/06/pdf/081-098.pdf			40022606863	031533917
新型コロナウィルス流行下で就労者や企業が経験する変化―デモグラフィック要因の影響―	江夏幾多郎, 神吉直人, 高尾義明, 服部泰宏, 麓仁美, 矢寺顕行	えなつ	RIEB Discussion Paper Series		2020-J08			43952	専門	J0労働	M0企業経営	https://www.rieb.kobe-u.ac.jp/academic/ra/dp/Japanese/dp2020-J08.pdf				
緊急事態宣言は誰の働き方を変えたか	大竹文雄, 加藤大貴	おおたけ	Discussion Papers In Economics and Business, Graduate School of Economics, Osaka University		21-12			44440	専門	J0労働		http://www2.econ.osaka-u.ac.jp/econ_society/dp/2112.pdf				
コロナ禍はパート・アルバイト雇用をどう変えたか ―オルタナティブデータによる分析―	小野寺敬, 渡部肇, 蓮見亮	おのでら	JCER Discussion Paper		151			44267	専門	J0労働		https://www.jcer.or.jp/research-report/20210312-3.html				
コロナ禍のEBPM に資する宿泊・飲⾷サービス業の就業者予測	川上幹男, 楠⽥浩⼆	かわかみ	DEML Center Working Paper Series		DEML-2021-02			44284	専門	J0労働		https://hdl.handle.net/10441/00016353				
新型コロナ・ウイルスが雇用に与える影響	川田恵介	かわた	日本労働研究雑誌	63	4	2	7	44287	専門	J0労働		https://www.jil.go.jp/institute/zassi/backnumber/2021/04/pdf/002-007.pdf			40022535831	031382842
コロナ禍が賃金に与える影響	周燕飛	しゅう	日本労働研究雑誌	63	4	8	14	44287	専門	J0労働		https://www.jil.go.jp/institute/zassi/backnumber/2021/04/pdf/008-014.pdf			40022535833	031382844
第3波直前の我が国における、コロナ禍でのうつ状態と自殺念慮に関するリスクの検討：「新型コロナウイルス流行下における心身の健康状態に関する継続調査」第一回調査結果より	宗未来, 関沢洋一, 越智小枝, 橋本空, 傳田健三	そう	RIETI ディスカッション・ペーパー		20-J-044			44166	専門	J0労働		https://www.rieti.go.jp/jp/publications/summary/20120009.html	https://www.rieti.go.jp/jp/publications/nts/20j044.html			
新型コロナと在宅勤務の生産性：企業サーベイに基づく概観	森川正之	もりかわ	RIETI ディスカッション・ペーパー		20-J-041			44105	専門	J0労働		https://www.rieti.go.jp/jp/publications/summary/20100015.html	https://www.rieti.go.jp/jp/publications/nts/20j041.html			
新型コロナと在宅勤務の生産性：パネルデータ分析	森川正之	もりかわ	RIETI ディスカッション・ペーパー		21-J-041			44409	専門	J0労働		https://www.rieti.go.jp/jp/publications/summary/21080013.html	https://www.rieti.go.jp/jp/publications/nts/21j041.html			
新型コロナの影響下での在宅勤務の推進と男女の機会の不平等	山口一男, 大沢真知子	やまぐち	RIETI ディスカッション・ペーパー		21-J-002			44197	専門	J0労働		https://www.rieti.go.jp/jp/publications/summary/21010003.html				
新型コロナウイルス感染症流行初期の雇用者の就業・生活・ウェルビーイング : パンデミック前後のリアルタイムパネルデータを用いた検証	山本勲, 石井加代子, 樋口美雄	やまもと	三田商学研究	64	1	67	99	44287	専門	J0労働					40022629289	031581251
COVID-19 and the Employment Gender Gap	Taiyo Fukai, Masato Ikeda, Daiji Kawaguchi, Shintaro Yamaguchi	んFukai	CREPE DISCUSSION PAPER		106			44440	専門	J0労働		http://www.crepe.e.u-tokyo.ac.jp/results/2021/crepedp106.html				
Describing the impacts of COVID-19 on the labor market in Japan until June 2020	Taiyo Fukai, Hidehiko Ichimura, Keisuke Kawata	んFukai	Japanese Economic Review	72	3	439	470	44378	専門	J0労働		https://doi.org/10.1007/s42973-021-00081-z		10.1007/s42973-021-00081-z		
Job Creation during the COVID-19 Pandemic in Japan	Masao Fukui, Shinnosuke Kikuchi, Goalist Co.,Ltd	んFukui	CREPE DISCUSSION PAPER		73			43997	専門	J0労働		http://www.crepe.e.u-tokyo.ac.jp/results/2020/crepedp73.html				
The Heterogeneous Effects of COVID-19 on Labor Markets: People's Movement and Non-Pharmaceutical Interventions	Kisho Hoshi, Hiroyuki Kasahara, Ryo Makioka, Michio Suzuki, Satoshi Tanaka	んHoshi	RIETI Discussion Paper Series		21-E-045			44348	専門	J0労働		https://www.rieti.go.jp/jp/publications/summary/21060007.html	https://www.rieti.go.jp/jp/publications/nts/21e045.html			
Who can work from home? The roles of job tasks and HRM practices	Daiji Kawaguchi, Hiroyuki Motegi	んKawaguchi	Journal of the Japanese and International Economies	62		101162		44531	専門	J0労働	D0行動変容	https://doi.org/10.1016/j.jjie.2021.101162		10.1016/j.jjie.2021.101162		
The Impact of COVID-19 on Japanese Firms: Mobility and Resilience via Remote Work	Daiji Kawaguchi, Sagiri Kitao, Manabu Nose	んKawaguchi	RIETI Discussion Paper Series		21-E-063			44378	専門	J0労働		https://www.rieti.go.jp/jp/publications/summary/21070022.html	https://www.rieti.go.jp/jp/publications/nts/21e063.html			
A first aid kit to assess welfare impacts	Keisuke Kawata, Yasuhiro Sato	んKawata	Economics Letters	205		109928		44409	専門	J0労働	E1マクロ経済	https://doi.org/10.1016/j.econlet.2021.109928		10.1016/j.econlet.2021.109928		
Working from home: its effects on productivity and mental health	Ritsu Kitagawa, Sachiko Kuroda, Hiroko Okudaira, Hideo Owan	んKitagawa	Covid Economics: Vetted and Real-Time Papers		74	142	171	44285	専門	J0労働		https://cepr.org/sites/default/files/CovidEconomics74.pdf#page=147				
Productivity of Working from Home during the COVID-19 Pandemic: Evidence from an Employee Survey	Masayuki Morikawa	んMorikawa	Covid Economics: Vetted and Real-Time Papers		49	123	147	44092	専門	J0労働		https://cepr.org/sites/default/files/CovidEconomics49.pdf#page=128				
Productivity of Working from Home during the COVID-19 Pandemic: Evidence from a Firm Survey	Masayuki Morikawa	んMorikawa	RIETI Discussion Paper Series		21-E-002			44197	専門	J0労働		https://www.rieti.go.jp/jp/publications/summary/21010005.html				
Productivity of Working from Home during the COVID-19 Pandemic: Panel Data Analysis	Masayuki Morikawa	んMorikawa	RIETI Discussion Paper Series		21-E-078			44440	専門	J0労働		https://www.rieti.go.jp/jp/publications/summary/21090009.html				
COVID-19, self-restraint at home, and pregnancy: evidence from Japan	Tohru Naito, Hikaru Ogawa	んNaito	Applied Economics Letters		published online			44313	専門	J0労働	I1医療	https://doi.org/10.1080/13504851.2021.1922584		10.1080/13504851.2021.1922584		
COVID-19 and the intentions to migrate from developing countries: Evidence from online search activities in Southeast Asia	Nobuyuki Nakamura, Aya Suzuki	んNakamura	Journal of Asian Economics	76		101348		44470	専門	J0労働		https://doi.org/10.1016/j.asieco.2021.101348		10.1016/j.asieco.2021.101348		
Necessities, Home Production, and Economic Impacts of Stay-at-Home Policies	Makoto Nirei, Nao Sudo	んNirei	IMES DISCUSSION PAPER SERIES		2020-E-14			44166	専門	J0労働	E1マクロ経済	https://www.imes.boj.or.jp/research/abstracts/english/20-E-14.html				
Spread of COVID-19 and Telework: Evidence from Japan	Toshihiro Okubo	んOkubo	Covid Economics: Vetted and Real-Time Papers		32	1	25	44008	専門	J0労働		https://cepr.org/sites/default/files/CovidEconomics32.pdf#page=213				
Teleworker Performance in the COVID-19 Era in Japan	Toshihiro Okubo, Atsushi Inoue, Kozue Sekijima	んOkubo	Asian Economic Papers	20	2	175	192	44331	専門	J0労働		https://doi.org/10.1162/asep_a_00807		10.1162/asep_a_00807		
Non-routine Tasks and ICT tools in Telework	Toshihiro Okubo	んOkubo	Keio-IES Discussion Paper Series		DP2021-017			44439	専門	J0労働		https://ies.keio.ac.jp/en/publications/14502/				
Telework in the spread of COVID-19	Toshihiro Okubo	んOkubo	Keio-IES Discussion Paper Series		DP2021-015			44426	専門	J0労働		https://ies.keio.ac.jp/en/publications/14419/				
COVID-19 and Telework: An International Comparison	Hiroshi Ono, Takeshi Mori	んOno	Journal of Quantitative Description: Digital Media	1				44312	専門	J0労働		https://doi.org/10.51685/jqd.2021.004		10.51685/jqd.2021.004		
The impact of closing schools on working from home during the COVID-19 pandemic: Evidence using panel data from Japan	Eiji Yamamura, Yoshiro Tsutsui	んYamamura	Review of Economics of Household	19	1	41	60	44207	専門	J0労働	I2教育	https://doi.org/10.1007/s11150-020-09536-5		10.1007/s11150-020-09536-5		
新型コロナウイルス感染症下における企業実態調査の概要	植杉威一郎, 小野有人, 本田朋史, 荒木祥太, 内田浩史, 小野塚祐紀, 川口大司, 鶴田大輔, 深沼光, 細野薫, 宮川 大介, 安田行宏, 家森信善	うえすぎ	RIETI ディスカッション・ペーパー		21-J-029			44348	専門	L0産業		https://www.rieti.go.jp/jp/publications/summary/21060012.html	https://www.rieti.go.jp/jp/publications/nts/21j029.html			
大阪府内企業の情報通信技術導入確率に対する新型コロナウイルスの感染症効果	鵜飼康東	うかい	産開研論集		33	23	33	44256	専門	L0産業		https://www.pref.osaka.lg.jp/attach/1949/00103312/3_Ronsyu33Ukai20210315.doc				
新型コロナショックの経済波及効果－地域間産業連関分析による地域別・産業別分析	徳井丞次, 落合勝昭, 川崎一泰, 宮川努	とくい	RIETI ディスカッション・ペーパー		21-J-010			44256	専門	L0産業	E2消費	https://www.rieti.go.jp/jp/publications/summary/21030003.html				
COVID-19 outbreak and firm-level dynamics in the USA, UK, Europe, and Japan	Wasim Ahmad, Ali M.Kutan, Rishman Jot Kaur Chahal, Ruth Kattumuri	んAhmad	International Review of Financial Analysis	78		101888		44501	専門	L0産業	G0金融	https://doi.org/10.1016/j.irfa.2021.101888		10.1016/j.irfa.2021.101888		
Do Economic Effects of the Anti-COVID-19 Lockdowns in Different Regions Interact through Supply Chains?	Hiroyasu Inoue, Yohsuke Murase, Yasuyuki Todo	んInoue	RIETI Discussion Paper Series		21-E-001			44197	専門	L0産業		https://www.rieti.go.jp/jp/publications/summary/21010001.html				
Productivity of Firms Using Relief Policies during the COVID-19 Crisis	Masayuki Morikawa	んMorikawa	Economics Letters	203		109869		44348	専門	L0産業		https://doi.org/10.1016/j.econlet.2021.109869		10.1016/j.econlet.2021.109869		
Uncertainty of Firms’ Economic Outlook During the COVID-19 Crisis	Masayuki Morikawa	んMorikawa	Covid Economics: Vetted and Real-Time Papers		81	1	18	44363	専門	L0産業		https://cepr.org/sites/default/files/CovidEconomics81.pdf#page=6				
The impact of the first wave of the COVID-19 crisis on small and medium-sized enterprises and credit guarantee responses: Early lessons from Japan	Nobuyoshi Yamori, Tomoko Aizawa	んYamori	Covid Economics: Vetted and Real-Time Papers		63	186	200	44203	専門	L0産業		https://cepr.org/sites/default/files/CovidEconomics63.pdf#page=191				
The Impact of COVID-19 on Global Production Networks: Evidence from Japanese Multinational Firms	Hongyong Zhang	んZhang	Covid Economics: Vetted and Real-Time Papers		72	26	67	44273	専門	L0産業	M0企業経営	https://cepr.org/sites/default/files/CovidEconomics72.pdf#page=31				
EBPM に資するコロナ禍における倒産・失業予測モデル	川上幹男, 楠⽥浩⼆	かわかみ	DEML Center Working Paper Series		DEML-2021-01			44284	専門	M0企業経営		https://hdl.handle.net/10441/00016354				
新型コロナウィルス感染症への組織対応に関する緊急調査：第三報	佐々木将人, 今川智美, 塩谷剛, 原泰史, 岡嶋裕子, 大塚英美, 神吉直人, 工藤秀雄, 高永才, 武部理花, 寺畑正英, 中園宏幸, 中川功一, 服部泰宏, 藤本昌代, 宮尾学, 三崎秀央, 谷田貝孝, HR総研	ささき	IIRワーキングペーパー		20-12			43952	専門	M0企業経営		https://ideas.repec.org/p/hit/iirwps/20-12.html				
新型コロナウイルス感染症に対応した企業の対面接触削減について：我が国企業におけるデジタル化・グローバル化との関係についての調査結果の概要	冨浦英一, 伊藤萬里, 熊埜御堂央	とみうら	RIETI ディスカッション・ペーパー		21-J-031			44378	専門	M0企業経営		https://www.rieti.go.jp/jp/publications/summary/21070010.html	https://www.rieti.go.jp/jp/publications/nts/21j031.html			
新型コロナウィルス感染症への組織対応に関する緊急調査：第二報	服部泰宏, 岡嶋裕子, 神吉直人, 藤本昌代, 今川智美, 大塚英美, 工藤秀雄, 高永才, 佐々木将人, 塩谷剛, 武部理花, 寺畑正英, 中川功一, 中園宏幸, 宮尾学, 三崎秀央, 谷田貝孝, 原泰史, HR総研	はっとり	IIRワーキングペーパー		20-11			43952	専門	M0企業経営		https://ideas.repec.org/p/hit/iirwps/20-11.html				
新型コロナウィルス感染症への組織対応に関する緊急調査：第一報	原泰史, 今川智美, 大塚英美, 岡嶋裕子, 神吉直人, 工藤秀雄, 高永才, 佐々木将人, 塩谷剛, 武部理花, 寺畑正英, 中園宏幸, 服部泰宏, 藤本昌代, 三崎秀央, 宮尾学, 谷田貝孝, 中川功一, HR総研	はら	IIRワーキングペーパー		20-10			43952	専門	M0企業経営		https://ideas.repec.org/p/hit/iirwps/20-10.html				
アフターコロナ時代における日本企業のサプライチェーンについての一考察	藤本隆宏	ふじもと	MMRCワーキングペーパー		530			43952	専門	M0企業経営		http://merc.e.u-tokyo.ac.jp/mmrc/dp/pdf/MMRC530_2020.pdf				
コロナショック後の人出変動と企業倒産：GoogleロケーションデータとTSR倒産データを用いた実証分析	宮川大介, 尻高洋平, 武政孝師, 原田三寛, 柳岡優希	みやかわ	RIETI Special Report					43934	専門	M0企業経営	G0金融	https://www.rieti.go.jp/jp/special/special_report/114.html				
コロナ危機対策利用企業の生産性	森川正之	もりかわ	RIETI ポリシー・ディスカッション・ペーパー		20-P-031			44166	専門	M0企業経営	J0労働	https://www.rieti.go.jp/jp/publications/summary/20120004.html				
コロナ危機と企業の経済見通しの不確実性	森川正之	もりかわ	RIETI ディスカッション・ペーパー		21-J-024			44317	専門	M0企業経営		https://www.rieti.go.jp/jp/publications/summary/21050002.html	https://www.rieti.go.jp/jp/publications/nts/21j024.html			
Measuring business-level expectations and uncertainty: survey evidence and the COVID-19 pandemic	Cheng Chen, Tatsuro Senga, Hongyong Zhang	んChen	Japanese Economic Review	72	3	509	532	44378	専門	M0企業経営	F0貿易	https://doi.org/10.1007/s42973-021-00078-8	https://www.rieti.go.jp/jp/publications/nts/20e081.html	10.1007/s42973-021-00078-8		
The Return of the Dead? The COVID-19 Business Support Programs in Japan	Takeo Hoshi, Daiji Kawaguchi, Kenichi Ueda	んHoshi	CREPE DISCUSSION PAPER		100			44287	専門	M0企業経営		http://www.crepe.e.u-tokyo.ac.jp/results/2021/crepedp100.html				
Small business under the COVID-19 crisis: Expected short- and medium-run effects of anti-contagion and economic policies	Kohei Kawaguchi, Naomi Kodama, Mari Tanaka	んKawaguchi	Journal of the Japanese and International Economies	61		101138		44440	専門	M0企業経営	E1マクロ経済	https://doi.org/10.1016/j.jjie.2021.101138		10.1016/j.jjie.2021.101138		
Firm exit during the covid-19 pandemic: Evidence from Japan	Daisuke Miyakawa, Koki Oikawa, Kozo Ueda	んMiyakawa	Journal of the Japanese and International Economies	59		101118		44256	専門	M0企業経営	G0金融	https://doi.org/10.1016/j.jjie.2020.101118	https://www.rieti.go.jp/jp/publications/nts/20e065.html	10.1016/j.jjie.2020.101118		
Productivity of Firms Using Relief Policies During the COVID-19 Crisis	Masayuki Morikawa	んMorikawa	RIETI Policy Discussion Paper		21-P-006			44228	専門	M0企業経営	J0労働	https://www.rieti.go.jp/jp/publications/summary/21020011.html				
Impact of consumer awareness and behavior on business exit in hospitality, tourism, entertainment, and culture industries under the COVID-19 pandemic	Hiroyuki Okamura, Yasushi Hara, Yunosuke Iwaki	んOkamura	TDB-CAREE Discussion Paper Series		E-2021-05			44409	専門	M0企業経営		https://hdl.handle.net/10086/72224				
感染症の社会経済史的考察―新型コロナウイルス(COVID-19)感染拡大への含意を念頭に―	鎮目雅人	しずめ	RIEB Discussion Paper Series		2020-J07			43941	専門	N0歴史	A0疫学・医学	https://www.rieb.kobe-u.ac.jp/academic/ra/dp/Japanese/dp2020-J07.html				
感染症の社会経済史的考察―労働市場への影響を念頭に―	鎮目雅人	しずめ	日本労働研究雑誌	63	4	15	19	44287	専門	N0歴史		https://www.jil.go.jp/institute/zassi/backnumber/2021/04/pdf/015-019.pdf			40022535834	031382845
感染症の歴史から何を学ぶか？―明治大正期の日本の経験から―	鎮目雅人	しずめ	経済研究	72	3	209	227	44378	専門	N0歴史		https://www.ier.hit-u.ac.jp/Japanese/publication/ER/abst.php?vol=72&no=3&page_s=209			40022653707	031624618
The propagation of economic impacts through supply chains: The case of a mega-city lockdown to prevent the spread of COVID-19	Hiroyasu Inoue, Yasuyuki Todo	んInoue	PLoS ONE	15	9	e0239251		44089	専門	R0都市・不動産	E1マクロ経済	https://doi.org/10.1371/journal.pone.0239251		10.1371/journal.pone.0239251		
Infectious Disease, Dynamic and Static Externalities in Two-Location Model: Theoretical and Simulation Analyses	Kiyoshi Yonemoto	んYonemoto	高崎経済大学地域政策学会ディスカッションペーパー		20-01			44201	専門	R0都市・不動産		http://www1.tcue.ac.jp/home1/c-gakkai/dp/dp20-01.pdf				
新型コロナウイルスと経済分析-学説史からの着想-	鈴木則稔	すずき	筑波学院大学紀要		16	1	18	44256	専門	Y0その他		https://www.tsukuba-g.ac.jp/library/kiyou/2021/01SUZUKI.pdf			40022519659	031348772
A critical analysis of the impacts of COVID-19 on the global economy and ecosystems and opportunities for circular economy strategies	T. Ibn-Mohammed, K. B. Mustapha, J. Godsell, Z. Adamu, K. A. Babatunde, D. D. Akintade, A. Acquaye, H.Fujii,  M. M. Ndiaye, F. A. Yamoah, S. C. L. Koh	んIbn-Mohammed	Resources, Conservation and Recycling	164		105169		44197	専門	Y0その他		https://doi.org/10.1016/j.resconrec.2020.105169		10.1016/j.resconrec.2020.105169		
The Public Is Less Likely to Support Women (But not Men) Politicians When They Wear Masks	Kiho Muroga, Charles Crabtree	んMuroga	SSRN		3917681			44447	専門	Y0その他		https://doi.org/10.2139/ssrn.3917681		10.2139/ssrn.3917681		